year,month,day,price
2009,5,29,66.31
2009,6,1,68.59
2009,6,2,68.58
2009,6,3,66.14
2009,6,4,68.80
2009,6,5,68.43
2009,6,8,68.05
2009,6,9,70.02
2009,6,10,71.38
2009,6,11,72.69
2009,6,12,72.13
2009,6,15,70.54
2009,6,16,70.47
2009,6,17,71.07
2009,6,18,71.42
2009,6,19,69.60
2009,6,22,67.09
2009,6,23,68.81
2009,6,24,68.14
2009,6,25,69.70
2009,6,26,69.16
2009,6,29,71.47
2009,6,30,69.82
2009,7,1,69.32
2009,7,2,66.68
2009,7,6,64.06
2009,7,7,62.88
2009,7,8,60.15
2009,7,9,60.36
2009,7,10,59.93
2009,7,13,59.69
2009,7,14,59.62
2009,7,15,61.49
2009,7,16,62.07
2009,7,17,63.56
2009,7,20,63.93
2009,7,21,64.81
2009,7,22,64.58
2009,7,23,66.10
2009,7,24,66.96
2009,7,27,68.34
2009,7,28,67.24
2009,7,29,63.42
2009,7,30,66.90
2009,7,31,69.26
2009,8,3,71.59
2009,8,4,71.40
2009,8,5,71.97
2009,8,6,71.96
2009,8,7,70.97
2009,8,10,70.59
2009,8,11,69.46
2009,8,12,70.08
2009,8,13,70.57
2009,8,14,67.51
2009,8,17,66.72
2009,8,18,69.22
2009,8,19,72.54
2009,8,20,72.40
2009,8,21,73.12
2009,8,24,73.68
2009,8,25,71.60
2009,8,26,71.38
2009,8,27,72.49
2009,8,28,72.72
2009,8,31,69.97
2009,9,1,68.11
2009,9,2,68.03
2009,9,3,67.90
2009,9,4,67.95
2009,9,8,71.08
2009,9,9,71.27
2009,9,10,71.95
2009,9,11,69.34
2009,9,14,68.86
2009,9,15,70.81
2009,9,16,72.50
2009,9,17,72.48
2009,9,18,71.95
2009,9,21,69.74
2009,9,22,71.50
2009,9,23,68.74
2009,9,24,65.74
2009,9,25,65.91
2009,9,28,66.69
2009,9,29,66.56
2009,9,30,70.46
2009,10,1,70.67
2009,10,2,69.80
2009,10,5,70.26
2009,10,6,70.71
2009,10,7,69.60
2009,10,8,71.69
2009,10,9,71.75
2009,10,12,73.24
2009,10,13,74.10
2009,10,14,75.20
2009,10,15,77.55
2009,10,16,78.54
2009,10,19,79.47
2009,10,20,78.87
2009,10,21,81.03
2009,10,22,80.82
2009,10,23,80.11
2009,10,26,78.61
2009,10,27,79.45
2009,10,28,77.39
2009,10,29,79.84
2009,10,30,77.04
2009,11,2,78.08
2009,11,3,79.58
2009,11,4,80.30
2009,11,5,79.64
2009,11,6,77.40
2009,11,9,79.44
2009,11,10,79.01
2009,11,11,79.16
2009,11,12,77.25
2009,11,13,76.34
2009,11,16,78.91
2009,11,17,79.08
2009,11,18,79.55
2009,11,19,77.47
2009,11,20,76.83
2009,11,23,76.49
2009,11,24,74.88
2009,11,25,77.25
2009,11,27,75.95
2009,11,30,77.19
2009,12,1,78.39
2009,12,2,76.62
2009,12,3,76.42
2009,12,4,75.41
2009,12,7,73.89
2009,12,8,72.59
2009,12,9,70.67
2009,12,10,70.54
2009,12,11,69.86
2009,12,14,69.48
2009,12,15,70.62
2009,12,16,72.64
2009,12,17,72.58
2009,12,18,73.30
2009,12,21,72.71
2009,12,22,73.48
2009,12,23,76.03
2009,12,24,76.83
2009,12,28,78.67
2009,12,29,78.87
2009,12,30,79.35
2009,12,31,79.39
2010,1,4,81.52
2010,1,5,81.74
2010,1,6,83.12
2010,1,7,82.60
2010,1,8,82.74
2010,1,11,82.54
2010,1,12,80.79
2010,1,13,79.66
2010,1,14,79.35
2010,1,15,77.96
2010,1,19,78.98
2010,1,20,77.42
2010,1,21,75.84
2010,1,22,74.25
2010,1,25,74.90
2010,1,26,74.67
2010,1,27,73.64
2010,1,28,73.62
2010,1,29,72.85
2010,2,1,74.41
2010,2,2,77.21
2010,2,3,76.96
2010,2,4,73.13
2010,2,5,71.15
2010,2,8,71.87
2010,2,9,73.71
2010,2,10,74.48
2010,2,11,75.23
2010,2,12,74.11
2010,2,16,76.98
2010,2,17,77.27
2010,2,18,78.97
2010,2,19,79.77
2010,2,22,80.04
2010,2,23,78.61
2010,2,24,79.75
2010,2,25,77.99
2010,2,26,79.72
2010,3,1,78.71
2010,3,2,79.62
2010,3,3,80.91
2010,3,4,80.21
2010,3,5,81.50
2010,3,8,81.85
2010,3,9,81.50
2010,3,10,82.07
2010,3,11,82.10
2010,3,12,81.26
2010,3,15,79.79
2010,3,16,81.75
2010,3,17,82.93
2010,3,18,82.16
2010,3,19,80.58
2010,3,22,81.26
2010,3,23,81.68
2010,3,24,80.29
2010,3,25,80.25
2010,3,26,79.75
2010,3,29,81.92
2010,3,30,82.14
2010,3,31,83.45
2010,4,1,84.53
2010,4,5,86.36
2010,4,6,86.54
2010,4,7,85.64
2010,4,8,85.17
2010,4,9,84.60
2010,4,12,84.07
2010,4,13,83.80
2010,4,14,85.62
2010,4,15,85.25
2010,4,16,82.97
2010,4,19,81.52
2010,4,20,82.98
2010,4,21,82.78
2010,4,22,82.89
2010,4,23,84.34
2010,4,26,84.20
2010,4,27,82.43
2010,4,28,83.22
2010,4,29,85.17
2010,4,30,86.07
2010,5,3,86.19
2010,5,4,82.73
2010,5,5,80.00
2010,5,6,77.18
2010,5,7,75.10
2010,5,10,76.89
2010,5,11,76.37
2010,5,12,75.65
2010,5,13,74.38
2010,5,14,71.61
2010,5,17,70.08
2010,5,18,69.38
2010,5,19,69.91
2010,5,20,68.28
2010,5,21,68.03
2010,5,24,68.23
2010,5,25,64.78
2010,5,26,71.52
2010,5,27,74.56
2010,5,28,74.00
2010,6,1,72.70
2010,6,2,72.88
2010,6,3,74.62
2010,6,4,71.43
2010,6,7,71.55
2010,6,8,71.88
2010,6,9,74.38
2010,6,10,75.48
2010,6,11,73.89
2010,6,14,74.99
2010,6,15,76.84
2010,6,16,77.67
2010,6,17,76.82
2010,6,18,77.18
2010,6,21,77.84
2010,6,22,77.15
2010,6,23,75.90
2010,6,24,75.96
2010,6,25,78.45
2010,6,28,78.26
2010,6,29,75.93
2010,6,30,75.59
2010,7,1,72.95
2010,7,2,72.06
2010,7,6,71.96
2010,7,7,74.05
2010,7,8,75.46
2010,7,9,76.08
2010,7,12,74.93
2010,7,13,77.16
2010,7,14,77.02
2010,7,15,76.67
2010,7,16,75.96
2010,7,19,76.53
2010,7,20,77.32
2010,7,21,76.27
2010,7,22,79.01
2010,7,23,78.68
2010,7,26,78.93
2010,7,27,77.46
2010,7,28,77.06
2010,7,29,78.30
2010,7,30,78.85
2010,8,2,81.25
2010,8,3,82.52
2010,8,4,82.49
2010,8,5,82.00
2010,8,6,80.67
2010,8,9,81.46
2010,8,10,80.24
2010,8,11,78.09
2010,8,12,75.68
2010,8,13,75.39
2010,8,16,75.17
2010,8,17,75.76
2010,8,18,75.39
2010,8,19,74.45
2010,8,20,73.45
2010,8,23,72.71
2010,8,24,71.24
2010,8,25,72.07
2010,8,26,73.36
2010,8,27,75.17
2010,8,30,74.69
2010,8,31,71.93
2010,9,1,73.97
2010,9,2,74.99
2010,9,3,74.52
2010,9,7,73.98
2010,9,8,74.65
2010,9,9,74.25
2010,9,10,76.40
2010,9,13,77.17
2010,9,14,76.78
2010,9,15,75.92
2010,9,16,74.58
2010,9,17,73.63
2010,9,20,74.81
2010,9,21,72.96
2010,9,22,72.98
2010,9,23,73.40
2010,9,24,74.63
2010,9,27,76.51
2010,9,28,76.15
2010,9,29,77.85
2010,9,30,79.95
2010,10,1,81.57
2010,10,4,81.43
2010,10,5,82.83
2010,10,6,83.21
2010,10,7,81.34
2010,10,8,82.66
2010,10,11,82.18
2010,10,12,81.67
2010,10,13,83.03
2010,10,14,82.71
2010,10,15,81.23
2010,10,18,83.06
2010,10,19,79.57
2010,10,20,81.93
2010,10,21,80.03
2010,10,22,81.15
2010,10,25,82.00
2010,10,26,82.60
2010,10,27,81.90
2010,10,28,82.20
2010,10,29,81.45
2010,11,1,82.94
2010,11,2,83.91
2010,11,3,84.45
2010,11,4,86.49
2010,11,5,86.85
2010,11,8,87.07
2010,11,9,87.04
2010,11,10,87.77
2010,11,11,87.77
2010,11,12,84.89
2010,11,15,84.88
2010,11,16,82.33
2010,11,17,80.43
2010,11,18,81.88
2010,11,19,81.65
2010,11,22,81.24
2010,11,23,80.79
2010,11,24,83.21
2010,11,26,83.87
2010,11,29,85.73
2010,11,30,84.12
2010,12,1,86.75
2010,12,2,87.98
2010,12,3,89.18
2010,12,6,89.33
2010,12,7,88.69
2010,12,8,88.30
2010,12,9,88.35
2010,12,10,87.81
2010,12,13,88.62
2010,12,14,88.33
2010,12,15,88.66
2010,12,16,87.71
2010,12,17,88.02
2010,12,20,88.68
2010,12,21,89.30
2010,12,22,89.83
2010,12,23,90.84
2010,12,27,90.99
2010,12,28,91.48
2010,12,29,91.13
2010,12,30,89.85
2010,12,31,91.38
2011,1,3,91.59
2011,1,4,89.39
2011,1,5,90.30
2011,1,6,88.37
2011,1,7,88.07
2011,1,10,89.24
2011,1,11,91.11
2011,1,12,91.85
2011,1,13,91.39
2011,1,14,91.53
2011,1,18,91.38
2011,1,19,90.85
2011,1,20,88.56
2011,1,21,88.22
2011,1,24,86.74
2011,1,25,85.08
2011,1,26,86.15
2011,1,27,84.45
2011,1,28,88.15
2011,1,31,90.99
2011,2,1,89.54
2011,2,2,89.78
2011,2,3,89.42
2011,2,4,87.87
2011,2,7,86.30
2011,2,8,85.85
2011,2,9,85.59
2011,2,10,85.44
2011,2,11,84.39
2011,2,14,83.66
2011,2,15,83.13
2011,2,16,83.80
2011,2,17,85.05
2011,2,18,85.03
2011,2,22,92.65
2011,2,23,96.04
2011,2,24,95.83
2011,2,25,96.52
2011,2,28,97.10
2011,3,1,99.63
2011,3,2,102.27
2011,3,3,101.92
2011,3,4,104.34
2011,3,7,105.37
2011,3,8,105.06
2011,3,9,104.39
2011,3,10,102.73
2011,3,11,101.14
2011,3,14,101.20
2011,3,15,97.23
2011,3,16,97.99
2011,3,17,101.47
2011,3,18,101.06
2011,3,21,102.36
2011,3,22,104.53
2011,3,23,105.21
2011,3,24,105.04
2011,3,25,104.89
2011,3,28,103.54
2011,3,29,104.34
2011,3,30,103.80
2011,3,31,106.19
2011,4,1,107.55
2011,4,4,108.14
2011,4,5,107.82
2011,4,6,108.38
2011,4,7,109.82
2011,4,8,112.27
2011,4,11,109.50
2011,4,12,105.75
2011,4,13,106.60
2011,4,14,107.73
2011,4,15,109.17
2011,4,18,106.70
2011,4,19,107.18
2011,4,20,110.84
2011,4,21,111.72
2011,4,25,111.68
2011,4,26,111.72
2011,4,27,112.31
2011,4,28,112.38
2011,4,29,113.39
2011,5,2,113.03
2011,5,3,110.60
2011,5,4,108.79
2011,5,5,99.89
2011,5,6,96.87
2011,5,9,100.32
2011,5,10,103.39
2011,5,11,97.88
2011,5,12,98.53
2011,5,13,99.21
2011,5,16,96.91
2011,5,17,96.40
2011,5,18,99.52
2011,5,19,97.99
2011,5,20,99.15
2011,5,23,97.06
2011,5,24,99.13
2011,5,25,100.78
2011,5,26,100.18
2011,5,27,100.58
2011,5,31,102.70
2011,6,1,100.30
2011,6,2,100.41
2011,6,3,100.28
2011,6,6,99.07
2011,6,7,99.18
2011,6,8,100.77
2011,6,9,101.95
2011,6,10,99.30
2011,6,13,97.20
2011,6,14,99.37
2011,6,15,94.83
2011,6,16,94.95
2011,6,17,93.02
2011,6,20,93.23
2011,6,21,93.70
2011,6,22,94.96
2011,6,23,90.70
2011,6,24,90.89
2011,6,27,90.65
2011,6,28,92.90
2011,6,29,94.85
2011,6,30,95.30
2011,7,1,94.81
2011,7,5,96.92
2011,7,6,96.67
2011,7,7,98.70
2011,7,8,96.20
2011,7,11,95.16
2011,7,12,97.41
2011,7,13,98.04
2011,7,14,95.75
2011,7,15,97.24
2011,7,18,95.94
2011,7,19,97.49
2011,7,20,98.11
2011,7,21,98.96
2011,7,22,99.53
2011,7,25,98.97
2011,7,26,99.61
2011,7,27,97.40
2011,7,28,97.48
2011,7,29,95.68
2011,8,1,94.98
2011,8,2,93.78
2011,8,3,91.87
2011,8,4,86.75
2011,8,5,86.89
2011,8,8,81.27
2011,8,9,79.32
2011,8,10,83.05
2011,8,11,85.48
2011,8,12,85.19
2011,8,15,87.88
2011,8,16,86.65
2011,8,17,87.58
2011,8,18,82.38
2011,8,19,82.33
2011,8,22,84.42
2011,8,23,85.35
2011,8,24,84.99
2011,8,25,85.15
2011,8,26,85.37
2011,8,29,87.27
2011,8,30,88.90
2011,8,31,88.81
2011,9,1,88.93
2011,9,2,86.45
2011,9,6,85.99
2011,9,7,89.34
2011,9,8,89.05
2011,9,9,87.24
2011,9,12,88.19
2011,9,13,90.21
2011,9,14,88.91
2011,9,15,89.40
2011,9,16,87.96
2011,9,19,85.70
2011,9,20,86.92
2011,9,21,85.77
2011,9,22,80.29
2011,9,23,79.58
2011,9,26,79.97
2011,9,27,84.18
2011,9,28,80.94
2011,9,29,81.87
2011,9,30,78.93
2011,10,3,77.34
2011,10,4,75.40
2011,10,5,79.41
2011,10,6,82.32
2011,10,7,82.70
2011,10,10,85.14
2011,10,11,85.54
2011,10,12,85.30
2011,10,13,83.96
2011,10,14,86.80
2011,10,17,86.38
2011,10,18,88.34
2011,10,19,86.11
2011,10,20,86.07
2011,10,21,87.19
2011,10,24,91.12
2011,10,25,92.98
2011,10,26,90.20
2011,10,27,93.96
2011,10,28,93.32
2011,10,31,93.19
2011,11,1,92.19
2011,11,2,92.51
2011,11,3,94.07
2011,11,4,94.26
2011,11,7,95.52
2011,11,8,96.80
2011,11,9,95.74
2011,11,10,97.78
2011,11,11,98.99
2011,11,14,98.14
2011,11,15,99.37
2011,11,16,102.59
2011,11,17,98.82
2011,11,18,97.67
2011,11,21,96.73
2011,11,22,97.76
2011,11,23,96.16
2011,11,25,96.91
2011,11,28,98.21
2011,11,29,99.79
2011,11,30,100.36
2011,12,1,100.20
2011,12,2,100.97
2011,12,5,100.94
2011,12,6,101.25
2011,12,7,100.45
2011,12,8,98.35
2011,12,9,99.40
2011,12,12,97.77
2011,12,13,100.24
2011,12,14,94.92
2011,12,15,93.84
2011,12,16,93.55
2011,12,19,93.86
2011,12,20,97.16
2011,12,21,98.54
2011,12,22,99.42
2011,12,23,99.72
2011,12,27,101.29
2011,12,28,99.44
2011,12,29,99.68
2011,12,30,98.83
2012,1,3,102.96
2012,1,4,103.22
2012,1,5,101.81
2012,1,6,101.56
2012,1,9,101.31
2012,1,10,102.24
2012,1,11,100.89
2012,1,12,99.03
2012,1,13,98.69
2012,1,17,100.70
2012,1,18,100.61
2012,1,19,100.32
2012,1,20,98.15
2012,1,23,99.47
2012,1,24,98.84
2012,1,25,99.23
2012,1,26,99.76
2012,1,27,99.47
2012,1,30,98.75
2012,1,31,98.46
2012,2,1,97.63
2012,2,2,96.36
2012,2,3,97.80
2012,2,6,96.89
2012,2,7,98.55
2012,2,8,98.80
2012,2,9,99.88
2012,2,10,98.68
2012,2,13,100.39
2012,2,14,100.82
2012,2,15,101.82
2012,2,16,102.33
2012,2,17,103.27
2012,2,21,105.88
2012,2,22,105.99
2012,2,23,107.44
2012,2,24,109.39
2012,2,27,108.49
2012,2,28,106.59
2012,2,29,107.08
2012,3,1,108.76
2012,3,2,106.68
2012,3,5,106.70
2012,3,6,104.71
2012,3,7,106.16
2012,3,8,106.65
2012,3,9,107.40
2012,3,12,106.34
2012,3,13,106.70
2012,3,14,105.49
2012,3,15,105.19
2012,3,16,107.03
2012,3,19,108.09
2012,3,20,105.68
2012,3,21,106.87
2012,3,22,104.98
2012,3,23,106.43
2012,3,26,107.07
2012,3,27,107.32
2012,3,28,105.40
2012,3,29,102.79
2012,3,30,103.03
2012,4,2,105.25
2012,4,3,104.02
2012,4,4,101.53
2012,4,5,103.29
2012,4,9,102.45
2012,4,10,101.12
2012,4,11,102.66
2012,4,12,103.69
2012,4,13,102.84
2012,4,16,102.92
2012,4,17,104.23
2012,4,18,102.65
2012,4,19,102.38
2012,4,20,103.58
2012,4,23,102.68
2012,4,24,103.10
2012,4,25,103.72
2012,4,26,104.56
2012,4,27,104.86
2012,4,30,104.89
2012,5,1,106.17
2012,5,2,105.25
2012,5,3,102.56
2012,5,4,98.49
2012,5,7,97.86
2012,5,8,97.13
2012,5,9,96.80
2012,5,10,97.10
2012,5,11,96.03
2012,5,14,94.75
2012,5,15,93.97
2012,5,16,92.78
2012,5,17,92.53
2012,5,18,91.51
2012,5,21,92.57
2012,5,22,91.44
2012,5,23,89.40
2012,5,24,90.36
2012,5,25,90.64
2012,5,29,90.75
2012,5,30,87.79
2012,5,31,86.52
2012,6,1,83.17
2012,6,4,83.95
2012,6,5,84.31
2012,6,6,85.05
2012,6,7,84.78
2012,6,8,84.08
2012,6,11,82.58
2012,6,12,83.35
2012,6,13,82.56
2012,6,14,83.83
2012,6,15,84.03
2012,6,18,83.26
2012,6,19,83.99
2012,6,20,81.06
2012,6,21,77.91
2012,6,22,79.33
2012,6,25,78.76
2012,6,26,79.34
2012,6,27,80.27
2012,6,28,77.72
2012,6,29,85.04
2012,7,2,83.72
2012,7,3,87.74
2012,7,5,87.11
2012,7,6,84.37
2012,7,9,85.93
2012,7,10,83.92
2012,7,11,85.88
2012,7,12,86.02
2012,7,13,87.15
2012,7,16,88.41
2012,7,17,89.07
2012,7,18,89.88
2012,7,19,92.78
2012,7,20,91.56
2012,7,23,87.77
2012,7,24,88.28
2012,7,25,88.80
2012,7,26,89.40
2012,7,27,90.13
2012,7,30,89.80
2012,7,31,88.08
2012,8,1,88.99
2012,8,2,87.22
2012,8,3,91.40
2012,8,6,92.30
2012,8,7,93.68
2012,8,8,93.39
2012,8,9,93.39
2012,8,10,92.94
2012,8,13,92.76
2012,8,14,93.40
2012,8,15,94.35
2012,8,16,95.66
2012,8,17,96.00
2012,8,20,96.03
2012,8,21,96.55
2012,8,22,96.89
2012,8,23,95.87
2012,8,24,95.78
2012,8,27,95.54
2012,8,28,96.30
2012,8,29,95.50
2012,8,30,94.61
2012,8,31,96.47
2012,9,4,95.34
2012,9,5,95.37
2012,9,6,95.58
2012,9,7,96.41
2012,9,10,96.52
2012,9,11,97.03
2012,9,12,97.02
2012,9,13,98.30
2012,9,14,98.94
2012,9,17,96.51
2012,9,18,95.25
2012,9,19,91.97
2012,9,20,92.14
2012,9,21,92.64
2012,9,24,91.68
2012,9,25,91.07
2012,9,26,89.92
2012,9,27,91.89
2012,9,28,92.18
2012,10,1,92.44
2012,10,2,91.88
2012,10,3,88.19
2012,10,4,91.69
2012,10,5,89.87
2012,10,8,89.43
2012,10,9,92.42
2012,10,10,91.24
2012,10,11,92.19
2012,10,12,91.83
2012,10,15,91.84
2012,10,16,92.07
2012,10,17,92.04
2012,10,18,92.00
2012,10,19,90.00
2012,10,22,88.30
2012,10,23,86.65
2012,10,24,85.39
2012,10,25,85.59
2012,10,26,85.84
2012,10,29,85.52
2012,10,30,85.65
2012,10,31,86.23
2012,11,1,87.05
2012,11,2,84.90
2012,11,5,85.64
2012,11,6,88.62
2012,11,7,84.50
2012,11,8,85.07
2012,11,9,86.08
2012,11,12,85.56
2012,11,13,85.38
2012,11,14,86.32
2012,11,15,85.45
2012,11,16,86.62
2012,11,19,89.05
2012,11,20,86.46
2012,11,21,87.08
2012,11,23,87.01
2012,11,26,87.28
2012,11,27,86.81
2012,11,28,86.10
2012,11,29,87.64
2012,11,30,88.54
2012,12,3,88.69
2012,12,4,88.04
2012,12,5,87.36
2012,12,6,85.47
2012,12,7,85.45
2012,12,10,85.14
2012,12,11,85.36
2012,12,12,86.35
2012,12,13,85.39
2012,12,14,86.32
2012,12,17,86.71
2012,12,18,87.46
2012,12,19,89.09
2012,12,20,89.76
2012,12,21,88.20
2012,12,24,88.29
2012,12,26,90.71
2012,12,27,90.91
2012,12,28,90.66
2012,12,31,91.83
2013,1,2,93.14
2013,1,3,92.97
2013,1,4,93.12
2013,1,7,93.20
2013,1,8,93.21
2013,1,9,93.08
2013,1,10,93.81
2013,1,11,93.60
2013,1,14,94.27
2013,1,15,93.26
2013,1,16,94.28
2013,1,17,95.49
2013,1,18,95.61
2013,1,22,96.09
2013,1,23,95.06
2013,1,24,95.35
2013,1,25,95.15
2013,1,28,95.95
2013,1,29,97.62
2013,1,30,97.98
2013,1,31,97.65
2013,2,1,97.46
2013,2,4,96.21
2013,2,5,96.68
2013,2,6,96.44
2013,2,7,95.84
2013,2,8,95.71
2013,2,11,97.01
2013,2,12,97.48
2013,2,13,97.03
2013,2,14,97.30
2013,2,15,95.95
2013,2,19,96.69
2013,2,20,94.92
2013,2,21,92.79
2013,2,22,93.12
2013,2,25,92.74
2013,2,26,92.63
2013,2,27,92.84
2013,2,28,92.03
2013,3,1,90.71
2013,3,4,90.13
2013,3,5,90.88
2013,3,6,90.47
2013,3,7,91.53
2013,3,8,92.01
2013,3,11,92.07
2013,3,12,92.44
2013,3,13,92.47
2013,3,14,93.03
2013,3,15,93.49
2013,3,18,93.71
2013,3,19,92.44
2013,3,20,93.21
2013,3,21,92.46
2013,3,22,93.41
2013,3,25,94.55
2013,3,26,95.99
2013,3,27,96.53
2013,3,28,97.24
2013,4,1,97.10
2013,4,2,97.23
2013,4,3,95.02
2013,4,4,93.26
2013,4,5,92.76
2013,4,8,93.36
2013,4,9,94.18
2013,4,10,94.59
2013,4,11,93.44
2013,4,12,91.23
2013,4,15,88.75
2013,4,16,88.73
2013,4,17,86.65
2013,4,18,87.83
2013,4,19,88.04
2013,4,22,88.81
2013,4,23,89.21
2013,4,24,91.07
2013,4,25,93.27
2013,4,26,92.63
2013,4,29,94.09
2013,4,30,93.22
2013,5,1,90.74
2013,5,2,93.70
2013,5,3,95.25
2013,5,6,95.80
2013,5,7,95.28
2013,5,8,96.24
2013,5,9,96.09
2013,5,10,95.81
2013,5,13,94.76
2013,5,14,93.96
2013,5,15,93.95
2013,5,16,94.85
2013,5,17,95.72
2013,5,20,96.29
2013,5,21,95.55
2013,5,22,93.98
2013,5,23,94.12
2013,5,24,93.84
2013,5,28,94.65
2013,5,29,93.13
2013,5,30,93.57
2013,5,31,91.93
2013,6,3,93.41
2013,6,4,93.36
2013,6,5,93.66
2013,6,6,94.71
2013,6,7,96.11
2013,6,10,95.82
2013,6,11,95.50
2013,6,12,95.98
2013,6,13,96.66
2013,6,14,97.83
2013,6,17,97.86
2013,6,18,98.46
2013,6,19,98.24
2013,6,20,94.89
2013,6,21,93.81
2013,6,24,95.07
2013,6,25,95.25
2013,6,26,95.47
2013,6,27,97.00
2013,6,28,96.36
2013,7,1,97.94
2013,7,2,99.65
2013,7,3,101.92
2013,7,5,103.09
2013,7,8,103.03
2013,7,9,103.46
2013,7,10,106.41
2013,7,11,104.77
2013,7,12,105.85
2013,7,15,106.20
2013,7,16,105.88
2013,7,17,106.39
2013,7,18,107.94
2013,7,19,108.00
2013,7,22,106.61
2013,7,23,107.13
2013,7,24,105.41
2013,7,25,105.47
2013,7,26,104.76
2013,7,29,104.61
2013,7,30,103.14
2013,7,31,105.10
2013,8,1,107.93
2013,8,2,106.94
2013,8,5,106.61
2013,8,6,105.32
2013,8,7,104.41
2013,8,8,103.45
2013,8,9,106.04
2013,8,12,106.19
2013,8,13,106.78
2013,8,14,106.89
2013,8,15,107.43
2013,8,16,107.58
2013,8,19,107.14
2013,8,20,104.90
2013,8,21,103.93
2013,8,22,104.93
2013,8,23,106.48
2013,8,26,105.88
2013,8,27,109.11
2013,8,28,110.17
2013,8,29,108.51
2013,8,30,107.98
2013,9,3,108.67
2013,9,4,107.29
2013,9,5,108.50
2013,9,6,110.62
2013,9,9,109.62
2013,9,10,107.48
2013,9,11,107.65
2013,9,12,108.72
2013,9,13,108.31
2013,9,16,106.54
2013,9,17,105.36
2013,9,18,108.23
2013,9,19,106.26
2013,9,20,104.70
2013,9,23,103.62
2013,9,24,103.22
2013,9,25,102.68
2013,9,26,103.10
2013,9,27,102.86
2013,9,30,102.36
2013,10,1,102.09
2013,10,2,104.15
2013,10,3,103.29
2013,10,4,103.83
2013,10,7,103.07
2013,10,8,103.54
2013,10,9,101.63
2013,10,10,103.08
2013,10,11,102.17
2013,10,14,102.46
2013,10,15,101.15
2013,10,16,102.34
2013,10,17,100.72
2013,10,18,100.87
2013,10,21,99.28
2013,10,22,97.63
2013,10,23,96.90
2013,10,24,96.65
2013,10,25,97.40
2013,10,28,98.74
2013,10,29,98.29
2013,10,30,96.81
2013,10,31,96.29
2013,11,1,94.56
2013,11,4,94.58
2013,11,5,93.40
2013,11,6,94.74
2013,11,7,94.25
2013,11,8,94.56
2013,11,11,95.13
2013,11,12,93.12
2013,11,13,93.91
2013,11,14,93.76
2013,11,15,93.80
2013,11,18,93.03
2013,11,19,93.35
2013,11,20,93.34
2013,11,21,95.35
2013,11,22,94.53
2013,11,25,93.86
2013,11,26,93.41
2013,11,27,92.05
2013,11,29,92.55
2013,12,2,93.61
2013,12,3,95.83
2013,12,4,96.97
2013,12,5,97.14
2013,12,6,97.48
2013,12,9,97.10
2013,12,10,98.32
2013,12,11,97.25
2013,12,12,97.21
2013,12,13,96.27
2013,12,16,97.18
2013,12,17,96.99
2013,12,18,97.59
2013,12,19,98.40
2013,12,20,99.11
2013,12,23,98.62
2013,12,24,98.87
2013,12,26,99.18
2013,12,27,99.94
2013,12,30,98.90
2013,12,31,98.17
2014,1,2,95.14
2014,1,3,93.66
2014,1,6,93.12
2014,1,7,93.31
2014,1,8,91.90
2014,1,9,91.36
2014,1,10,92.39
2014,1,13,91.45
2014,1,14,92.15
2014,1,15,93.78
2014,1,16,93.54
2014,1,17,93.96
2014,1,21,94.51
2014,1,22,96.35
2014,1,23,97.23
2014,1,24,96.66
2014,1,27,95.82
2014,1,28,97.49
2014,1,29,97.34
2014,1,30,98.25
2014,1,31,97.55
2014,2,3,96.44
2014,2,4,97.24
2014,2,5,97.40
2014,2,6,97.84
2014,2,7,99.98
2014,2,10,100.12
2014,2,11,99.96
2014,2,12,100.38
2014,2,13,100.27
2014,2,14,100.31
2014,2,18,102.54
2014,2,19,103.46
2014,2,20,103.20
2014,2,21,102.53
2014,2,24,103.17
2014,2,25,102.20
2014,2,26,102.93
2014,2,27,102.68
2014,2,28,102.88
2014,3,3,105.34
2014,3,4,103.64
2014,3,5,101.75
2014,3,6,101.82
2014,3,7,102.82
2014,3,10,101.39
2014,3,11,100.29
2014,3,12,98.29
2014,3,13,98.57
2014,3,14,99.23
2014,3,17,98.43
2014,3,18,100.08
2014,3,19,100.71
2014,3,20,99.68
2014,3,21,99.97
2014,3,24,100.05
2014,3,25,99.66
2014,3,26,100.61
2014,3,27,101.25
2014,3,28,101.73
2014,3,31,101.57
2014,4,1,99.69
2014,4,2,99.60
2014,4,3,100.29
2014,4,4,101.16
2014,4,7,100.43
2014,4,8,102.57
2014,4,9,103.55
2014,4,10,103.37
2014,4,11,103.68
2014,4,14,104.05
2014,4,15,103.70
2014,4,16,103.71
2014,4,17,104.33
2014,4,21,104.35
2014,4,22,101.69
2014,4,23,101.47
2014,4,24,102.20
2014,4,25,100.85
2014,4,28,101.13
2014,4,29,101.56
2014,4,30,100.07
2014,5,1,99.69
2014,5,2,100.09
2014,5,5,99.74
2014,5,6,99.81
2014,5,7,101.06
2014,5,8,100.52
2014,5,9,100.32
2014,5,12,100.89
2014,5,13,102.01
2014,5,14,102.63
2014,5,15,101.74
2014,5,16,102.31
2014,5,19,102.95
2014,5,20,102.80
2014,5,21,104.31
2014,5,22,104.03
2014,5,23,105.01
2014,5,27,104.78
2014,5,28,103.37
2014,5,29,104.26
2014,5,30,103.40
2014,6,2,103.07
2014,6,3,103.34
2014,6,4,103.27
2014,6,5,103.17
2014,6,6,103.32
2014,6,9,105.09
2014,6,10,105.02
2014,6,11,105.04
2014,6,12,107.20
2014,6,13,107.49
2014,6,16,107.52
2014,6,17,106.95
2014,6,18,106.64
2014,6,19,107.08
2014,6,20,107.95
2014,6,23,106.83
2014,6,24,106.64
2014,6,25,107.04
2014,6,26,106.49
2014,6,27,106.46
2014,6,30,106.07
2014,7,1,106.06
2014,7,2,105.18
2014,7,3,104.76
2014,7,7,104.19
2014,7,8,104.06
2014,7,9,102.93
2014,7,10,103.61
2014,7,11,101.48
2014,7,14,101.73
2014,7,15,100.56
2014,7,16,101.88
2014,7,17,103.84
2014,7,18,103.83
2014,7,21,105.34
2014,7,22,104.59
2014,7,23,103.81
2014,7,24,102.76
2014,7,25,105.23
2014,7,28,105.68
2014,7,29,104.91
2014,7,30,104.29
2014,7,31,98.23
2014,8,1,97.86
2014,8,4,98.26
2014,8,5,97.34
2014,8,6,96.93
2014,8,7,97.34
2014,8,8,97.61
2014,8,11,98.09
2014,8,12,97.36
2014,8,13,97.57
2014,8,14,95.54
2014,8,15,97.30
2014,8,18,96.44
2014,8,19,94.35
2014,8,20,96.40
2014,8,21,93.97
2014,8,22,93.61
2014,8,25,95.39
2014,8,26,95.78
2014,8,27,95.82
2014,8,28,96.44
2014,8,29,97.86
2014,9,2,92.92
2014,9,3,95.50
2014,9,4,94.51
2014,9,5,93.32
2014,9,8,92.64
2014,9,9,92.73
2014,9,10,91.71
2014,9,11,92.89
2014,9,12,92.18
2014,9,15,92.86
2014,9,16,94.91
2014,9,17,94.33
2014,9,18,93.07
2014,9,19,92.43
2014,9,22,91.46
2014,9,23,91.55
2014,9,24,93.60
2014,9,25,93.59
2014,9,26,95.55
2014,9,29,94.53
2014,9,30,91.17
2014,10,1,90.74
2014,10,2,91.02
2014,10,3,89.76
2014,10,6,90.33
2014,10,7,88.89
2014,10,8,87.29
2014,10,9,85.76
2014,10,10,85.87
2014,10,13,85.73
2014,10,14,81.72
2014,10,15,81.82
2014,10,16,82.33
2014,10,17,82.80
2014,10,20,82.76
2014,10,21,83.25
2014,10,22,80.52
2014,10,23,82.81
2014,10,24,81.27
2014,10,27,81.26
2014,10,28,81.36
2014,10,29,82.25
2014,10,30,81.06
2014,10,31,80.53
2014,11,3,78.77
2014,11,4,77.15
2014,11,5,78.71
2014,11,6,77.87
2014,11,7,78.71
2014,11,10,77.43
2014,11,11,77.85
2014,11,12,77.16
2014,11,13,74.13
2014,11,14,75.91
2014,11,17,75.64
2014,11,18,74.55
2014,11,19,74.55
2014,11,20,75.63
2014,11,21,76.52
2014,11,24,75.74
2014,11,25,74.04
2014,11,26,73.70
2014,11,28,65.94
2014,12,1,68.98
2014,12,2,66.99
2014,12,3,67.30
2014,12,4,66.73
2014,12,5,65.89
2014,12,8,63.13
2014,12,9,63.74
2014,12,10,60.99
2014,12,11,60.01
2014,12,12,57.81
2014,12,15,55.96
2014,12,16,55.97
2014,12,17,56.43
2014,12,18,54.18
2014,12,19,56.91
2014,12,22,55.25
2014,12,23,56.78
2014,12,24,55.70
2014,12,26,54.59
2014,12,29,53.46
2014,12,30,54.14
2014,12,31,53.45
2015,1,2,52.72
2015,1,5,50.05
2015,1,6,47.98
2015,1,7,48.69
2015,1,8,48.80
2015,1,9,48.35
2015,1,12,46.06
2015,1,13,45.92
2015,1,14,48.49
2015,1,15,46.37
2015,1,16,48.49
2015,1,20,46.79
2015,1,21,47.85
2015,1,22,45.93
2015,1,23,45.26
2015,1,26,44.80
2015,1,27,45.84
2015,1,28,44.08
2015,1,29,44.12
2015,1,30,47.79
2015,2,2,49.25
2015,2,3,53.04
2015,2,4,48.45
2015,2,5,50.48
2015,2,6,51.66
2015,2,9,52.99
2015,2,10,50.06
2015,2,11,48.80
2015,2,12,51.17
2015,2,13,52.66
2015,2,17,53.56
2015,2,18,52.13
2015,2,19,51.12
2015,2,20,49.95
2015,2,23,49.56
2015,2,24,48.48
2015,2,25,50.25
2015,2,26,47.65
2015,2,27,49.84
2015,3,2,49.59
2015,3,3,50.43
2015,3,4,51.53
2015,3,5,50.76
2015,3,6,49.61
2015,3,9,49.95
2015,3,10,48.42
2015,3,11,48.06
2015,3,12,47.12
2015,3,13,44.88
2015,3,16,43.93
2015,3,17,43.39
2015,3,18,44.63
2015,3,19,44.02
2015,3,20,46.00
2015,3,23,47.40
2015,3,24,47.03
2015,3,25,48.75
2015,3,26,51.41
2015,3,27,48.83
2015,3,30,48.66
2015,3,31,47.72
2015,4,1,50.12
2015,4,2,49.13
2015,4,6,52.08
2015,4,7,53.95
2015,4,8,50.44
2015,4,9,50.79
2015,4,10,51.63
2015,4,13,51.95
2015,4,14,53.30
2015,4,15,56.25
2015,4,16,56.69
2015,4,17,55.71
2015,4,20,56.37
2015,4,21,55.58
2015,4,22,56.17
2015,4,23,56.59
2015,4,24,55.98
2015,4,27,55.56
2015,4,28,57.05
2015,4,29,58.55
2015,4,30,59.62
2015,5,1,59.10
2015,5,4,58.92
2015,5,5,60.38
2015,5,6,60.93
2015,5,7,58.99
2015,5,8,59.41
2015,5,11,59.23
2015,5,12,60.72
2015,5,13,60.50
2015,5,14,59.89
2015,5,15,59.73
2015,5,18,59.44
2015,5,19,57.30
2015,5,20,58.96
2015,5,21,60.18
2015,5,22,58.88
2015,5,26,57.29
2015,5,27,57.51
2015,5,28,57.68
2015,5,29,60.30
2015,6,1,60.20
2015,6,2,61.26
2015,6,3,59.64
2015,6,4,58.00
2015,6,5,59.13
2015,6,8,58.14
2015,6,9,60.14
2015,6,10,61.43
2015,6,11,60.77
2015,6,12,59.96
2015,6,15,59.52
2015,6,16,59.97
2015,6,17,59.92
2015,6,18,60.45
2015,6,19,59.61
2015,6,22,59.68
2015,6,23,61.01
2015,6,24,60.27
2015,6,25,59.70
2015,6,26,59.63
2015,6,29,58.33
2015,6,30,59.47
2015,7,1,56.96
2015,7,2,56.93
2015,7,6,52.53
2015,7,7,52.33
2015,7,8,51.65
2015,7,9,52.78
2015,7,10,52.74
2015,7,13,52.20
2015,7,14,53.04
2015,7,15,51.41
2015,7,16,50.91
2015,7,17,50.89
2015,7,20,50.15
2015,7,21,50.36
2015,7,22,49.19
2015,7,23,48.45
2015,7,24,48.14
2015,7,27,47.39
2015,7,28,47.98
2015,7,29,48.79
2015,7,30,48.52
2015,7,31,47.12
2015,8,3,45.17
2015,8,4,45.74
2015,8,5,45.15
2015,8,6,44.66
2015,8,7,43.87
2015,8,10,44.96
2015,8,11,43.08
2015,8,12,43.30
2015,8,13,42.23
2015,8,14,42.50
2015,8,17,41.87
2015,8,18,42.62
2015,8,19,40.80
2015,8,20,41.14
2015,8,21,40.45
2015,8,24,38.24
2015,8,25,39.31
2015,8,26,38.60
2015,8,27,42.56
2015,8,28,45.22
2015,8,31,49.20
2015,9,1,45.41
2015,9,2,46.25
2015,9,3,46.75
2015,9,4,46.05
2015,9,8,45.94
2015,9,9,44.15
2015,9,10,45.92
2015,9,11,44.63
2015,9,14,44.00
2015,9,15,44.59
2015,9,16,47.15
2015,9,17,46.90
2015,9,18,44.68
2015,9,21,46.68
2015,9,22,45.83
2015,9,23,44.48
2015,9,24,44.91
2015,9,25,45.70
2015,9,28,44.43
2015,9,29,45.23
2015,9,30,45.09
2015,10,1,44.74
2015,10,2,45.54
2015,10,5,46.26
2015,10,6,48.53
2015,10,7,47.81
2015,10,8,49.43
2015,10,9,49.63
2015,10,12,47.10
2015,10,13,46.66
2015,10,14,46.64
2015,10,15,46.38
2015,10,16,47.26
2015,10,19,45.89
2015,10,20,45.55
2015,10,21,45.20
2015,10,22,45.38
2015,10,23,44.60
2015,10,26,43.98
2015,10,27,43.20
2015,10,28,45.94
2015,10,29,46.06
2015,10,30,46.59
2015,11,2,46.14
2015,11,3,47.90
2015,11,4,46.32
2015,11,5,45.20
2015,11,6,44.29
2015,11,9,43.87
2015,11,10,44.21
2015,11,11,42.93
2015,11,12,41.75
2015,11,13,40.74
2015,11,16,41.74
2015,11,17,40.67
2015,11,18,40.75
2015,11,19,40.54
2015,11,20,40.39
2015,11,23,41.75
2015,11,24,42.87
2015,11,25,43.04
2015,11,27,41.71
2015,11,30,41.65
2015,12,1,41.85
2015,12,2,39.94
2015,12,3,41.08
2015,12,4,39.97
2015,12,7,37.65
2015,12,8,37.51
2015,12,9,37.16
2015,12,10,36.76
2015,12,11,35.62
2015,12,14,36.31
2015,12,15,37.35
2015,12,16,35.52
2015,12,17,34.95
2015,12,18,34.73
2015,12,21,34.74
2015,12,22,36.14
2015,12,23,37.50
2015,12,24,38.10
2015,12,28,36.81
2015,12,29,37.87
2015,12,30,36.60
2015,12,31,37.04
2016,1,4,36.76
2016,1,5,35.97
2016,1,6,33.97
2016,1,7,33.27
2016,1,8,33.16
2016,1,11,31.41
2016,1,12,30.44
2016,1,13,30.48
2016,1,14,31.20
2016,1,15,29.42
2016,1,19,28.46
2016,1,20,26.55
2016,1,21,29.53
2016,1,22,32.19
2016,1,25,30.34
2016,1,26,31.45
2016,1,27,32.30
2016,1,28,33.22
2016,1,29,33.62
2016,2,1,31.62
2016,2,2,29.88
2016,2,3,32.28
2016,2,4,31.72
2016,2,5,30.89
2016,2,8,29.69
2016,2,9,27.94
2016,2,10,27.45
2016,2,11,26.21
2016,2,12,29.44
2016,2,16,29.04
2016,2,17,30.66
2016,2,18,30.77
2016,2,19,29.64
2016,2,22,31.48
2016,2,23,31.87
2016,2,24,32.15
2016,2,25,33.07
2016,2,26,32.78
2016,2,29,33.75
2016,3,1,34.40
2016,3,2,34.66
2016,3,3,34.57
2016,3,4,35.92
2016,3,7,37.90
2016,3,8,36.50
2016,3,9,38.29
2016,3,10,37.84
2016,3,11,38.50
2016,3,14,37.18
2016,3,15,36.34
2016,3,16,38.46
2016,3,17,40.20
2016,3,18,39.44
2016,3,21,39.91
2016,3,22,41.45
2016,3,23,39.79
2016,3,24,39.46
2016,3,28,39.39
2016,3,29,38.28
2016,3,30,38.32
2016,3,31,38.34
2016,4,1,36.79
2016,4,4,35.70
2016,4,5,35.89
2016,4,6,37.75
2016,4,7,37.26
2016,4,8,39.72
2016,4,11,40.36
2016,4,12,42.17
2016,4,13,41.76
2016,4,14,41.50
2016,4,15,40.36
2016,4,18,39.78
2016,4,19,41.08
2016,4,20,42.63
2016,4,21,43.18
2016,4,22,43.73
2016,4,24,43.15
2016,4,25,42.64
2016,4,26,44.04
2016,4,27,45.33
2016,4,28,46.03
2016,4,29,45.92
2016,5,1,45.48
2016,5,2,44.78
2016,5,3,43.65
2016,5,4,43.78
2016,5,5,44.32
2016,5,6,44.66
2016,5,8,45.44
2016,5,9,43.44
2016,5,10,44.66
2016,5,11,46.23
2016,5,12,46.70
2016,5,13,46.21
2016,5,15,46.80
2016,5,16,47.72
2016,5,17,48.31
2016,5,18,48.19
2016,5,19,48.16
2016,5,20,47.75
2016,5,22,48.14
2016,5,23,48.08
2016,5,24,48.62
2016,5,25,49.56
2016,5,26,49.48
2016,5,27,49.33
2016,5,30,49.60
2016,5,31,49.10
2016,6,1,49.01
2016,6,2,49.17
2016,6,3,48.62
2016,6,6,49.69
2016,6,7,50.36
2016,6,8,51.23
2016,6,9,50.56
2016,6,10,49.07
2016,6,13,48.88
2016,6,14,48.49
2016,6,15,48.01
2016,6,16,46.21
2016,6,17,47.98
2016,6,20,49.37
2016,6,21,48.85
2016,6,22,49.13
2016,6,23,50.11
2016,6,24,47.64
2016,6,27,46.33
2016,6,28,47.85
2016,6,29,49.88
2016,6,30,48.33
2016,7,1,48.99
2016,7,4,48.76
2016,7,5,46.60
2016,7,6,47.43
2016,7,7,45.14
2016,7,8,45.41
2016,7,11,44.76
2016,7,12,46.80
2016,7,13,44.75
2016,7,14,45.68
2016,7,15,45.95
2016,7,18,45.24
2016,7,19,44.65
2016,7,20,44.94
2016,7,21,44.75
2016,7,22,44.19
2016,7,25,43.13
2016,7,26,42.92
2016,7,27,41.92
2016,7,28,41.14
2016,7,29,41.60
2016,8,1,40.06
2016,8,2,39.51
2016,8,3,40.83
2016,8,4,41.93
2016,8,5,41.80
2016,8,8,43.02
2016,8,9,42.77
2016,8,10,41.71
2016,8,11,43.49
2016,8,12,44.49
2016,8,15,45.74
2016,8,16,46.58
2016,8,17,46.79
2016,8,18,48.22
2016,8,19,48.52
2016,8,22,47.05
2016,8,23,48.10
2016,8,24,46.77
2016,8,25,47.33
2016,8,26,47.64
2016,8,29,46.98
2016,8,30,46.35
2016,8,31,44.70
2016,9,1,43.16
2016,9,2,44.44
2016,9,5,45.17
2016,9,6,44.83
2016,9,7,45.50
2016,9,8,47.62
2016,9,9,45.88
2016,9,12,46.29
2016,9,13,44.90
2016,9,14,43.58
2016,9,15,43.91
2016,9,16,43.03
2016,9,19,43.30
2016,9,20,43.44
2016,9,21,45.34
2016,9,22,46.32
2016,9,23,44.48
2016,9,26,45.93
2016,9,27,44.67
2016,9,28,47.05
2016,9,29,47.83
2016,9,30,48.24
2016,10,3,48.81
2016,10,4,48.69
2016,10,5,49.83
2016,10,6,50.44
2016,10,7,49.81
2016,10,10,51.35
2016,10,11,50.79
2016,10,12,50.18
2016,10,13,50.44
2016,10,14,50.35
2016,10,17,49.94
2016,10,18,50.29
2016,10,19,51.60
2016,10,20,50.43
2016,10,21,50.85
2016,10,24,50.52
2016,10,25,49.96
2016,10,26,49.18
2016,10,27,49.72
2016,10,28,48.70
2016,10,31,46.86
2016,11,1,46.67
2016,11,2,45.34
2016,11,3,44.66
2016,11,4,44.07
2016,11,7,44.89
2016,11,8,44.98
2016,11,9,45.27
2016,11,10,44.66
2016,11,11,43.41
2016,11,14,43.32
2016,11,15,45.81
2016,11,16,45.57
2016,11,17,45.42
2016,11,18,45.69
2016,11,21,47.49
2016,11,22,48.03
2016,11,23,47.96
2016,11,24,47.98
2016,11,25,46.06
2016,11,28,47.08
2016,11,29,45.23
2016,11,30,49.44
2016,12,1,51.06
2016,12,2,51.68
2016,12,5,51.79
2016,12,6,50.93
2016,12,7,49.77
2016,12,8,50.84
2016,12,9,51.50
2016,12,12,52.83
2016,12,13,52.98
2016,12,14,51.04
2016,12,15,50.90
2016,12,16,51.90
2016,12,19,52.12
2016,12,20,52.23
2016,12,21,52.49
2016,12,22,52.95
2016,12,23,53.02
2016,12,27,53.90
2016,12,28,54.06
2016,12,29,53.77
2016,12,30,53.72
2017,1,3,52.33
2017,1,4,53.26
2017,1,5,53.76
2017,1,6,53.99
2017,1,9,51.96
2017,1,10,50.82
2017,1,11,52.25
2017,1,12,53.01
2017,1,13,52.37
2017,1,16,52.64
2017,1,17,52.48
2017,1,18,51.08
2017,1,19,51.37
2017,1,20,52.42
2017,1,23,52.75
2017,1,24,53.18
2017,1,25,52.75
2017,1,26,53.78
2017,1,27,53.17
2017,1,30,52.63
2017,1,31,52.81
2017,2,1,53.88
2017,2,2,53.54
2017,2,3,53.83
2017,2,6,53.01
2017,2,7,52.17
2017,2,8,52.34
2017,2,9,53.00
2017,2,10,53.86
2017,2,13,52.93
2017,2,14,53.20
2017,2,15,53.11
2017,2,16,53.36
2017,2,17,53.40
2017,2,20,53.69
2017,2,21,54.06
2017,2,22,53.59
2017,2,23,54.45
2017,2,24,53.99
2017,2,27,54.05
2017,2,28,54.01
2017,3,1,53.83
2017,3,2,52.61
2017,3,3,53.33
2017,3,6,53.20
2017,3,7,53.14
2017,3,8,50.28
2017,3,9,49.28
2017,3,10,48.49
2017,3,13,48.40
2017,3,14,47.72
2017,3,15,48.86
2017,3,16,48.75
2017,3,17,48.78
2017,3,20,48.22
2017,3,21,47.34
2017,3,22,48.04
2017,3,23,47.70
2017,3,24,47.97
2017,3,27,47.73
2017,3,28,48.37
2017,3,29,49.51
2017,3,30,50.35
2017,3,31,50.60
2017,4,3,50.24
2017,4,4,51.03
2017,4,5,51.15
2017,4,6,51.70
2017,4,7,52.24
2017,4,10,53.08
2017,4,11,53.40
2017,4,12,53.11
2017,4,13,53.18
2017,4,17,52.65
2017,4,18,52.41
2017,4,19,50.44
2017,4,20,50.27
2017,4,21,49.62
2017,4,24,49.23
2017,4,25,49.56
2017,4,26,49.62
2017,4,27,48.97
2017,4,28,49.33
2017,5,1,48.84
2017,5,2,47.66
2017,5,3,47.82
2017,5,4,45.52
2017,5,5,46.22
2017,5,8,46.43
2017,5,9,45.88
2017,5,10,47.33
2017,5,11,47.83
2017,5,12,47.84
2017,5,15,48.85
2017,5,16,48.66
2017,5,17,49.07
2017,5,18,49.35
2017,5,19,50.33
2017,5,22,50.73
2017,5,23,51.47
2017,5,24,51.36
2017,5,25,48.90
2017,5,26,49.80
2017,5,29,49.99
2017,5,30,49.66
2017,5,31,48.32
2017,6,1,48.36
2017,6,2,47.66
2017,6,5,47.40
2017,6,6,48.19
2017,6,7,45.72
2017,6,8,45.64
2017,6,9,45.83
2017,6,12,46.08
2017,6,13,46.46
2017,6,14,44.73
2017,6,15,44.46
2017,6,16,44.74
2017,6,19,44.20
2017,6,20,43.23
2017,6,21,42.53
2017,6,22,42.74
2017,6,23,43.01
2017,6,26,43.38
2017,6,27,44.24
2017,6,28,44.74
2017,6,29,44.93
2017,6,30,46.04
2017,7,3,47.07
2017,7,4,47.08
2017,7,5,45.13
2017,7,6,45.52
2017,7,7,44.23
2017,7,10,44.40
2017,7,11,45.04
2017,7,12,45.49
2017,7,13,46.08
2017,7,14,46.54
2017,7,17,46.02
2017,7,18,46.40
2017,7,19,47.12
2017,7,20,46.79
2017,7,21,45.77
2017,7,24,46.34
2017,7,25,47.89
2017,7,26,48.75
2017,7,27,49.04
2017,7,28,49.71
2017,7,31,50.17
2017,8,1,49.16
2017,8,2,49.59
2017,8,3,49.03
2017,8,4,49.58
2017,8,7,49.39
2017,8,8,49.17
2017,8,9,49.56
2017,8,10,48.59
2017,8,11,48.82
2017,8,14,47.59
2017,8,15,47.55
2017,8,16,46.78
2017,8,17,47.09
2017,8,18,48.51
2017,8,21,47.37
2017,8,22,47.64
2017,8,23,48.41
2017,8,24,47.43
2017,8,25,47.87
2017,8,28,46.57
2017,8,29,46.44
2017,8,30,45.96
2017,8,31,47.23
2017,9,1,47.29
2017,9,4,47.37
2017,9,5,48.66
2017,9,6,49.16
2017,9,7,49.09
2017,9,8,47.48
2017,9,11,48.07
2017,9,12,48.23
2017,9,13,49.30
2017,9,14,49.89
2017,9,15,49.89
2017,9,18,49.91
2017,9,19,49.48
2017,9,20,50.41
2017,9,21,50.55
2017,9,22,50.66
2017,9,25,52.22
2017,9,26,51.88
2017,9,27,52.14
2017,9,28,51.56
2017,9,29,51.67
2017,10,2,50.58
2017,10,3,50.42
2017,10,4,49.98
2017,10,5,50.79
2017,10,6,49.29
2017,10,9,49.58
2017,10,10,50.92
2017,10,11,51.30
2017,10,12,50.60
2017,10,13,51.45
2017,10,16,51.87
2017,10,17,51.88
2017,10,18,52.04
2017,10,19,51.29
2017,10,20,51.47
2017,10,23,51.90
2017,10,24,52.47
2017,10,25,52.18
2017,10,26,52.64
2017,10,27,53.90
2017,10,30,54.15
2017,10,31,54.38
2017,11,1,54.30
2017,11,2,54.54
2017,11,3,55.64
2017,11,6,57.35
2017,11,7,57.20
2017,11,8,56.81
2017,11,9,57.17
2017,11,10,56.74
2017,11,13,56.76
2017,11,14,55.70
2017,11,15,55.37
2017,11,16,55.22
2017,11,17,56.65
2017,11,20,56.35
2017,11,21,56.83
2017,11,22,58.02
2017,11,24,58.95
2017,11,27,58.11
2017,11,28,57.99
2017,11,29,57.30
2017,11,30,57.40
2017,12,1,58.36
2017,12,4,57.47
2017,12,5,57.62
2017,12,6,55.96
2017,12,7,56.69
2017,12,8,57.36
2017,12,11,57.99
2017,12,12,57.14
2017,12,13,56.60
2017,12,14,57.05
2017,12,15,57.31
2017,12,18,57.20
2017,12,19,57.54
2017,12,20,58.09
2017,12,21,58.36
2017,12,22,58.47
2017,12,26,59.97
2017,12,27,59.64
2017,12,28,59.84
2017,12,29,60.42
2018,1,2,60.37
2018,1,3,61.63
2018,1,4,62.01
2018,1,5,61.44
2018,1,8,61.73
2018,1,9,62.96
2018,1,10,63.57
2018,1,11,63.80
2018,1,12,64.30
2018,1,16,63.73
2018,1,17,63.96
2018,1,18,63.93
2018,1,19,63.33
2018,1,22,63.55
2018,1,23,64.47
2018,1,24,65.61
2018,1,25,65.51
2018,1,26,66.14
2018,1,29,65.56
2018,1,30,64.50
2018,1,31,64.73
2018,2,1,65.80
2018,2,2,65.45
2018,2,5,64.15
2018,2,6,63.39
2018,2,7,61.79
2018,2,8,61.15
2018,2,9,59.20
2018,2,12,59.29
2018,2,13,59.19
2018,2,14,60.58
2018,2,15,61.27
2018,2,16,61.60
2018,2,20,61.81
2018,2,21,61.68
2018,2,22,62.77
2018,2,23,63.55
2018,2,26,63.91
2018,2,27,63.01
2018,2,28,61.64
2018,3,1,60.99
2018,3,2,61.25
2018,3,5,62.57
2018,3,6,62.60
2018,3,7,61.15
2018,3,8,60.12
2018,3,9,62.04
2018,3,12,61.36
2018,3,13,60.71
2018,3,14,60.96
2018,3,15,61.20
2018,3,16,62.37
2018,3,19,62.10
2018,3,20,63.51
2018,3,21,65.17
2018,3,22,64.30
2018,3,23,65.88
2018,3,26,65.55
2018,3,27,65.25
2018,3,28,64.38
2018,3,29,64.94
2018,4,2,63.01
2018,4,3,63.51
2018,4,4,63.37
2018,4,5,63.54
2018,4,6,62.06
2018,4,9,63.42
2018,4,10,65.51
2018,4,11,66.82
2018,4,12,67.07
2018,4,13,67.39
2018,4,16,66.22
2018,4,17,66.52
2018,4,18,68.47
2018,4,19,68.31
2018,4,20,68.40
2018,4,23,68.64
2018,4,24,67.70
2018,4,25,68.05
2018,4,26,68.19
2018,4,27,68.10
2018,4,30,68.57
2018,5,1,67.25
2018,5,2,67.93
2018,5,3,68.43
2018,5,4,69.72
2018,5,7,70.73
2018,5,8,69.06
2018,5,9,71.14
2018,5,10,71.36
2018,5,11,70.70
2018,5,14,70.96
2018,5,15,71.31
2018,5,16,71.49
2018,5,17,71.51
2018,5,18,71.32
2018,5,21,72.31
2018,5,22,72.19
2018,5,23,71.84
2018,5,24,70.71
2018,5,25,67.88
2018,5,29,66.73
2018,5,30,68.21
2018,5,31,67.04
2018,6,1,65.81
2018,6,4,64.75
2018,6,5,65.52
2018,6,6,64.73
2018,6,7,65.95
2018,6,8,65.74
2018,6,11,66.10
2018,6,12,66.36
2018,6,13,66.64
2018,6,14,66.89
2018,6,15,65.02
2018,6,18,65.79
2018,6,19,64.97
2018,6,20,65.81
2018,6,21,65.54
2018,6,22,68.58
2018,6,25,68.08
2018,6,26,70.53
2018,6,27,72.76
2018,6,28,73.45
2018,6,29,74.15
2018,7,2,73.94
2018,7,3,74.14
2018,7,5,72.94
2018,7,6,73.80
2018,7,9,73.85
2018,7,10,74.11
2018,7,11,70.38
2018,7,12,70.33
2018,7,13,71.01
2018,7,16,68.06
2018,7,17,67.90
2018,7,18,68.36
2018,7,19,68.73
2018,7,20,68.70
2018,7,23,67.89
2018,7,24,68.52
2018,7,25,69.30
2018,7,26,69.61
2018,7,27,68.69
2018,7,30,70.13
2018,7,31,68.76
2018,8,1,67.66
2018,8,2,68.96
2018,8,3,68.49
2018,8,6,69.01
2018,8,7,69.17
2018,8,8,66.94
2018,8,9,66.81
2018,8,10,67.63
2018,8,13,67.20
2018,8,14,67.04
2018,8,15,65.01
2018,8,16,65.34
2018,8,17,65.63
2018,8,20,65.82
2018,8,21,66.14
2018,8,22,67.86
2018,8,23,67.83
2018,8,24,68.72
2018,8,27,68.87
2018,8,28,68.53
2018,8,29,69.51
2018,8,30,70.25
2018,8,31,69.80
2018,9,3,70.25
2018,9,4,69.87
2018,9,5,68.72
2018,9,6,67.77
2018,9,7,67.75
2018,9,10,67.54
2018,9,11,69.25
2018,9,12,70.37
2018,9,13,68.59
2018,9,14,68.99
2018,9,17,68.86
2018,9,18,69.75
2018,9,19,70.91
2018,9,20,70.42
2018,9,21,70.78
2018,9,24,72.08
2018,9,25,72.28
2018,9,26,71.57
2018,9,27,72.12
2018,9,28,73.25
2018,10,1,75.30
2018,10,2,75.23
2018,10,3,76.41
2018,10,4,74.33
2018,10,5,74.34
2018,10,8,74.29
2018,10,9,74.96
2018,10,10,73.17
2018,10,11,70.97
2018,10,12,71.34
2018,10,15,71.78
2018,10,16,71.92
2018,10,17,69.74
2018,10,18,68.67
2018,10,19,69.22
2018,10,22,69.32
2018,10,23,66.43
2018,10,24,66.82
2018,10,25,67.33
2018,10,26,67.59
2018,10,29,67.04
2018,10,30,66.18
2018,10,31,65.31
2018,11,1,63.69
2018,11,2,63.14
2018,11,5,63.10
2018,11,6,62.21
2018,11,7,61.67
2018,11,8,60.67
2018,11,9,60.19
2018,11,12,59.93
2018,11,13,55.69
2018,11,14,56.29
2018,11,15,56.55
2018,11,16,56.59
2018,11,19,57.11
2018,11,20,53.43
2018,11,21,54.63
2018,11,23,50.42
2018,11,26,51.63
2018,11,27,51.56
2018,11,28,50.29
2018,11,29,51.45
2018,11,30,50.93
2018,12,3,52.95
2018,12,4,53.25
2018,12,5,52.89
2018,12,6,51.49
2018,12,7,52.61
2018,12,10,51.00
2018,12,11,51.65
2018,12,12,51.15
2018,12,13,52.58
2018,12,14,51.25
2018,12,17,50.01
2018,12,18,46.46
2018,12,19,47.98
2018,12,20,45.88
2018,12,21,45.59
2018,12,24,42.53
2018,12,26,46.22
2018,12,27,44.61
2018,12,28,45.33
2018,12,31,45.41
